Edif’cio;Nome sala;Capacidade Normal;Capacidade Exame;N¼ caracter’sticas;Laboratórios;Arquivos;Anfiteatro aulas;Apoio tŽcnico eventos;BYOD (Bring Your Own Device);Focus Group;Hor‡rio sala vis’vel portal pœblico;Sala Aulas Mestrado;Sala Aulas Mestrado Plus;Sala NEE;Sala Provas;Sala Reuni‹o;Sala de Arquitectura;Sala de Aulas normal;videoconferncia;çtrio
Ala Aut—noma (ISCTE-IUL);Audit—rio Afonso de Barros;80;39;4;;;;;;;X;X;X;;;;;X;;
Ala Aut—noma (ISCTE-IUL);Audit—rio Silva Leal;54;27;4;;;;;;;X;X;X;;;;;X;;
Ala Aut—noma (ISCTE-IUL);AA2.23;50;23;5;;;;;;;X;X;X;X;;;;X;;
Ala Aut—noma (ISCTE-IUL);AA2.24;30;16;4;;;;;;;X;X;X;;;;;X;;
Ala Aut—noma (ISCTE-IUL);AA2.25;38;21;4;;;;;;;X;X;X;;;;;X;;
Ala Aut—noma (ISCTE-IUL);AA2.26;38;19;4;;;;;;;X;X;X;;;;;X;;
Ala Aut—noma (ISCTE-IUL);AA2.28;30;19;4;;;;;;;X;X;X;;;;;X;;
Ala Aut—noma (ISCTE-IUL);AA2.29;50;24;4;;;;;;;X;X;X;;;;;X;;
Ala Aut—noma (ISCTE-IUL);AA3.23;50;23;4;;;;;;;X;X;X;;;;;X;;
Ala Aut—noma (ISCTE-IUL);AA3.24;28;16;4;;;;;;;X;X;X;;;;;X;;
Ala Aut—noma (ISCTE-IUL);AA3.25;38;21;4;;;;;;;X;X;X;;;;;X;;
Ala Aut—noma (ISCTE-IUL);AA3.26;30;19;4;;;;;;;X;X;X;;;;;X;;
Ala Aut—noma (ISCTE-IUL);AA3.28;48;29;4;;;;;;;X;X;X;;;;;X;;
Ala Aut—noma (ISCTE-IUL);AA3.29;50;24;4;;;;;;;X;X;X;;;;;X;;
Ala Aut—noma (ISCTE-IUL);AA3.30;24;15;4;;;;;;;X;X;X;;;;;X;;
Ala Aut—noma (ISCTE-IUL);AA3.32;10;0;2;;;;;;;X;;;;;X;;;;
Ala Aut—noma (ISCTE-IUL);AA3.40;32;18;4;;;;;;;X;X;X;;;;;X;;
Ala Aut—noma (ISCTE-IUL);AA4.07;10;0;1;;;;;;;X;;;;;;;;;
Edif’cio II (ISCTE-IUL);C0.08;1;0;1;;;;;;;X;;;;;;;;;
Edif’cio II (ISCTE-IUL);D0.01;2;2;2;;;;;;;X;;;;;;;;X;
Edif’cio II (ISCTE-IUL);D0.03;15;0;2;;;;;;X;X;;;;;;;;;
Edif’cio II (ISCTE-IUL);D0.05;6;0;2;;;;;;X;X;;;;;;;;;
Edif’cio II (ISCTE-IUL);Espao Exposi›es;41;41;1;;;;;;;X;;;;;;;;;
Edif’cio II (ISCTE-IUL);A1;1;0;2;;;;;;;X;;;;;;;;;X
Edif’cio II (ISCTE-IUL);Audit—rio B1.03;204;102;6;;;X;;;;X;X;X;;;;;X;X;
Edif’cio II (ISCTE-IUL);Audit—rio B1.04;192;96;6;;;X;;;;X;X;X;;;;;X;X;
Edif’cio II (ISCTE-IUL);Audit—rio C1.03;70;44;5;;;;;;;X;X;X;;;;;X;X;
Edif’cio II (ISCTE-IUL);Audit—rio C1.04;60;44;5;;;;;;;X;X;X;;;;;X;X;
Edif’cio II (ISCTE-IUL);B1;29;0;2;;;;;;;X;;;;;;;;;X
Edif’cio II (ISCTE-IUL);B1.01;12;0;2;;;;;;;X;;;;;X;;;;
Edif’cio II (ISCTE-IUL);B1.02;1;0;2;;;;;;;X;;;;;X;;;;
Edif’cio II (ISCTE-IUL);Balc‹o Recep‹o;1;0;1;;;;;;;X;;;;;;;;;
Edif’cio II (ISCTE-IUL);C1;1;0;2;;;;;;;X;;;;;;;;;X
Edif’cio II (ISCTE-IUL);C1.01;35;23;5;;;;;;;X;X;X;;;;;X;X;
Edif’cio II (ISCTE-IUL);D1.01;35;21;2;Laborat—rio de Inform‡tica;;;;;;X;;;;;;;;;
Edif’cio II (ISCTE-IUL);D1.02;27;18;2;Laborat—rio de Inform‡tica;;;;;;X;;;;;;;;;
Edif’cio II (ISCTE-IUL);D1.03;20;12;2;Laborat—rio de Inform‡tica;;;;;;X;;;;;;;;;
Edif’cio II (ISCTE-IUL);D1.04;23;15;2;Laborat—rio de Inform‡tica;;;;;;X;;;;;;;;;
Edif’cio II (ISCTE-IUL);D1.05;30;20;5;;;;;X;;X;X;X;;;;;X;;
Edif’cio II (ISCTE-IUL);D1.06;28;19;2;Laborat—rio de Inform‡tica;;;;;;X;;;;;;;;;
Edif’cio II (ISCTE-IUL);D1.07;27;18;5;;;;;X;;X;X;X;;;;;X;;
Edif’cio II (ISCTE-IUL);D1.08;10;0;1;;;;;;;X;;;;;;;;;
Edif’cio II (ISCTE-IUL);D1.09;50;30;2;Laborat—rio de Inform‡tica;;;;;;X;;;;;;;;;
Edif’cio II (ISCTE-IUL);D1.10;20;12;2;Laborat—rio de Inform‡tica;;;;;;X;;;;;;;;;
Edif’cio II (ISCTE-IUL);D1.11;22;17;2;Laborat—rio de Inform‡tica;;;;;;X;;;;;;;;;
Edif’cio II (ISCTE-IUL);D1.12;27;18;2;Laborat—rio de Inform‡tica;;;;;;X;;;;;;;;;
Edif’cio II (ISCTE-IUL);D1.14;27;16;2;Laborat—rio de Inform‡tica;;;;;;X;;;;;;;;;
Edif’cio II (ISCTE-IUL);Grande Audit—rio;498;0;1;;;;;;;X;;;;;;;;;
Edif’cio II (ISCTE-IUL);Audit—rio B2.03;180;0;2;;;;;;;X;;;;;;;;X;
Edif’cio II (ISCTE-IUL);Audit—rio B2.04;192;96;6;;;X;;;;X;X;X;;;;;X;X;
Edif’cio II (ISCTE-IUL);B2;1;0;2;;;;;;;X;;;;;;;;;X
Edif’cio II (ISCTE-IUL);B2.01;50;31;5;;;;;;;X;X;X;;;;;X;X;
Edif’cio II (ISCTE-IUL);B2.02;52;26;5;;;;;;;X;X;X;;;;;X;X;
Edif’cio II (ISCTE-IUL);C2.01;52;28;5;;;;;;;X;X;X;;;;;X;X;
Edif’cio II (ISCTE-IUL);C2.02;34;21;4;;;;;;;X;X;X;;;;;X;;
Edif’cio II (ISCTE-IUL);C2.03;6;0;2;;;;;;;X;;;;;X;;;;
Edif’cio II (ISCTE-IUL);C2.05;24;0;2;;;;;;;X;;;;X;;;;;
Edif’cio II (ISCTE-IUL);D2.16;8;0;1;;;;;;;X;;;;;;;;;
Edif’cio II (ISCTE-IUL);B3.01;60;24;3;;Arq 1;;;;;X;;;;;;X;;;
Edif’cio II (ISCTE-IUL);B3.02;60;26;3;;Arq 2;;;;;X;;;;;;X;;;
Edif’cio II (ISCTE-IUL);B3.03;60;22;3;;Arq 3;;;;;X;;;;;;X;;;
Edif’cio II (ISCTE-IUL);B3.04;60;20;3;;Arq 4;;;;;X;;;;;;X;;;
Edif’cio II (ISCTE-IUL);B3.05;60;19;4;;Arq 5; Arq 9;;;;;X;;;;;;X;;;
Edif’cio II (ISCTE-IUL);B3.06;60;20;3;;Arq 6;;;;;X;;;;;;X;;;
Edif’cio II (ISCTE-IUL);C3.01;52;34;5;;;;;;;X;X;X;;;;;X;X;
Edif’cio II (ISCTE-IUL);C3.02;34;21;5;;;;;;;X;X;X;;;;;X;X;
Edif’cio II (ISCTE-IUL);C3.03;10;0;2;;;;;;;X;;;;;X;;;;
Edif’cio II (ISCTE-IUL);D3.16;8;0;1;;;;;;;X;;;;;;;;;
Edif’cio II (ISCTE-IUL);C4.01;52;30;5;;;;;;;X;X;X;;;;;X;X;
Edif’cio II (ISCTE-IUL);C4.02;50;23;5;;;;;;;X;X;X;;;;;X;X;
Edif’cio II (ISCTE-IUL);C4.03;13;0;2;;;;;;;X;;;;;X;;;;
Edif’cio II (ISCTE-IUL);C4.04;9;0;2;;;;;;;X;;;;;X;;;;
Edif’cio II (ISCTE-IUL);C4.05;32;16;4;;;;;;;X;X;X;;;;;X;;
Edif’cio II (ISCTE-IUL);C4.06;70;37;5;;;;;;;X;X;X;;;;;X;X;
Edif’cio II (ISCTE-IUL);C4.07;68;36;5;;;;;;;X;X;X;;;;;X;X;
Edif’cio II (ISCTE-IUL);C4.08;60;28;5;;;;;;;X;X;X;;;;;X;X;
Edif’cio II (ISCTE-IUL);C4.09;20;0;2;Laborat—rio de Jornalismo;;;;;;X;;;;;;;;;
Edif’cio II (ISCTE-IUL);C5.01;60;35;5;;;;;;;X;X;X;;;;;X;X;
Edif’cio II (ISCTE-IUL);C5.02;50;21;5;;;;;;;X;X;X;;;;;X;X;
Edif’cio II (ISCTE-IUL);C5.03;8;0;2;;;;;;;X;;;;;X;;;;
Edif’cio II (ISCTE-IUL);C5.04;6;0;1;;;;;;;X;;;;;;;;;
Edif’cio II (ISCTE-IUL);C5.05;34;16;4;;;;;;;X;X;X;;;;;X;;
Edif’cio II (ISCTE-IUL);C5.06;72;42;5;;;;;;;X;X;X;;;;;X;X;
Edif’cio II (ISCTE-IUL);C5.07;70;36;5;;;;;;;X;X;X;;;;;X;X;
Edif’cio II (ISCTE-IUL);C5.08;60;28;5;;;;;;;X;X;X;;;;;X;X;
Edif’cio II (ISCTE-IUL);C5.09;60;30;5;;;;;;;X;X;X;;;;;X;X;
Edif’cio II (ISCTE-IUL);C6.01;54;35;5;;;;;;;X;X;X;;;;;X;X;
Edif’cio II (ISCTE-IUL);C6.02;40;22;5;;;;;;;X;X;X;;;;;X;X;
Edif’cio II (ISCTE-IUL);C6.06;12;0;2;Laborat—rio de Telecomunica›es;;;;;;X;;;;;;;;;
Edif’cio II (ISCTE-IUL);C6.07;56;28;6;;;;;X;;X;X;X;;;;;X;X;
Edif’cio II (ISCTE-IUL);C6.08;56;28;6;;;;;X;;X;X;X;;;;;X;X;
Edif’cio II (ISCTE-IUL);C6.09;12;0;2;Laborat—rio de Telecomunica›es;;;;;;X;;;;;;;;;
Edif’cio II (ISCTE-IUL);C6.10;84;42;5;;;;;;;X;X;X;;;;;X;X;
Edif’cio II (ISCTE-IUL);C7.05;16;0;2;Laborat—rio de Arquitectura de Computadores I;;;;;;X;;;;;;;;;
Edif’cio II (ISCTE-IUL);C7.06;16;0;2;Laborat—rio de Redes de Computadores I;;;;;;X;;;;;;;;;
Edif’cio II (ISCTE-IUL);C7.07;16;0;2;Laborat—rio de Bases de Engenharia;;;;;;X;;;;;;;;;
Edif’cio II (ISCTE-IUL);C7.08;16;0;2;Laborat—rio de Electr—nica;;;;;;X;;;;;;;;;
Edif’cio II (ISCTE-IUL);C7.09;16;0;2;Laborat—rio de Redes de Computadores II;;;;;;X;;;;;;;;;
Edif’cio II (ISCTE-IUL);C7.10;16;0;2;Laborat—rio de Arquitectura de Computadores II;;;;;;X;;;;;;;;;
Edif’cio Sedas Nunes (ISCTE-IUL);0E00;12;0;1;;;;;;;X;;;;;;;;;
Edif’cio Sedas Nunes (ISCTE-IUL);0E07.1;12;0;2;;;;;;;X;;;;;X;;;;
Edif’cio Sedas Nunes (ISCTE-IUL);0NE;1;0;2;;;;;;;X;;;;;;;;;X
Edif’cio Sedas Nunes (ISCTE-IUL);0S01;41;23;2;Laborat—rio de Inform‡tica;;;;;;X;;;;;;;;;
Edif’cio Sedas Nunes (ISCTE-IUL);0S02;41;23;2;Laborat—rio de Inform‡tica;;;;;;X;;;;;;;;;
Edif’cio Sedas Nunes (ISCTE-IUL);Audit—rio 0NE01;72;34;6;;;X;;;;X;X;X;;;;;X;X;
Edif’cio Sedas Nunes (ISCTE-IUL);Audit—rio 0NE02-Caiano Pereira;89;40;5;;;X;;;;X;X;X;;;;;X;;
Edif’cio Sedas Nunes (ISCTE-IUL);Audit—rio 0NE03 - M‡rio Murteira;89;40;5;;;X;;;;X;X;X;;;;;X;;
Edif’cio Sedas Nunes (ISCTE-IUL);1E02;50;25;2;;;;;;;X;;;;;;;X;;
Edif’cio Sedas Nunes (ISCTE-IUL);1E03;52;26;2;;;;;;;X;;;;;;;X;;
Edif’cio Sedas Nunes (ISCTE-IUL);1E04;50;25;4;;;;;;;X;X;X;;;;;X;;
Edif’cio Sedas Nunes (ISCTE-IUL);1E05;52;23;4;;;;;;;X;X;X;;;;;X;;
Edif’cio Sedas Nunes (ISCTE-IUL);1E06;50;25;4;;;;;;;X;X;X;;;;;X;;
Edif’cio Sedas Nunes (ISCTE-IUL);1E07;50;25;4;;;;;;;X;X;X;;;;;X;;
Edif’cio Sedas Nunes (ISCTE-IUL);1E08;50;25;4;;;;;;;X;X;X;;;;;X;;
Edif’cio Sedas Nunes (ISCTE-IUL);1E10;48;24;4;;;;;;;X;X;X;;;;;X;;
Edif’cio Sedas Nunes (ISCTE-IUL);1NE00;1;0;2;;;;;;;X;;;;;;;;;X
Edif’cio Sedas Nunes (ISCTE-IUL);Audit—rio 1;129;64;5;;;X;;;;X;X;X;;;;;X;;
Edif’cio Sedas Nunes (ISCTE-IUL);Audit—rio 1NE03 - JJ Laginha;296;0;2;;;;X;;;X;;;;;;;;;
Edif’cio Sedas Nunes (ISCTE-IUL);2E02;50;24;4;;;;;;;X;X;X;;;;;X;;
Edif’cio Sedas Nunes (ISCTE-IUL);2E03;52;23;4;;;;;;;X;X;X;;;;;X;;
Edif’cio Sedas Nunes (ISCTE-IUL);2E04;50;25;4;;;;;;;X;X;X;;;;;X;;
Edif’cio Sedas Nunes (ISCTE-IUL);2E05;50;25;4;;;;;;;X;X;X;;;;;X;;
Edif’cio Sedas Nunes (ISCTE-IUL);2E06;50;25;4;;;;;;;X;X;X;;;;;X;;
Edif’cio Sedas Nunes (ISCTE-IUL);2E07;50;25;4;;;;;;;X;X;X;;;;;X;;
Edif’cio Sedas Nunes (ISCTE-IUL);2E08;50;25;4;;;;;;;X;X;X;;;;;X;;
Edif’cio Sedas Nunes (ISCTE-IUL);2E10;48;24;4;;;;;;;X;X;X;;;;;X;;
Edif’cio Sedas Nunes (ISCTE-IUL);Audit—rio 2;129;64;5;;;X;;;;X;X;X;;;;;X;;
Edif’cio Sedas Nunes (ISCTE-IUL);Audit—rio 4;250;125;5;;;X;;;;X;X;X;;;;;X;;
Polidesportivo (ISCTE-IUL);Balne‡rio feminino;1;0;1;;;;;;;X;;;;;;;;;
Polidesportivo (ISCTE-IUL);Balne‡rio masculino;1;0;1;;;;;;;X;;;;;;;;;
Polidesportivo (ISCTE-IUL);Campo;1;0;1;;;;;;;X;;;;;;;;;